Metric,Score
Accuracy,0.9229583975346687
Precision,0.9223278623993416
Recall,0.9229583975346687
F1 Score,0.9224543770332652
ROC AUC,0.92850970045165404
