Metric,Score
Accuracy,0.9275808936825886
Precision,0.9270116298102108
Recall,0.9275808936825886
F1 Score,0.9268917071843846
ROC AUC,0.90956331080330174
